{
  "id": "110bd433-9cfe-40b1-a647-337ae945dfd0",
  "embedding": [
    0.3169366789761716,
    0.1458297602651096,
    0.07323894626647727,
    0.19751830862574288,
    0.14048266905538892,
    0.19492577955436316,
    0.12152480022092468,
    0.17758824138951126,
    0.1359457431804744,
    0.06918811959244645,
    0.06286882998095836,
    0.12282106475661454,
    0.0743731777352059,
    0.1856898947375729,
    0.10596962579264632,
    0.09916423698027454,
    0.21777244199589701,
    0.1511768514748303,
    0.14437146266245854,
    0.11990446955131234,
    0.13659387544831933,
    0.123145130890537,
    0.19006478754552616,
    0.13497354477870702,
    0.06578542518626056,
    0.07891010361012042,
    0.17985670432696851,
    0.22085107026816045,
    0.15830630642112453,
    0.1492324546712955,
    0.19476374648740194,
    0.20448573050507593,
    0.1545795458810162,
    0.14323723119372989,
    0.16867642270664346,
    0.2014071022328125,
    0.05995223477565617,
    0.05995223477565617,
    0.05995223477565617,
    0.05995223477565617,
    0.05995223477565617,
    0.05995223477565617,
    0.05995223477565617,
    0.05995223477565617,
    0.05995223477565617,
    0.05995223477565617,
    0.05995223477565617,
    0.05995223477565617,
    0.05995223477565617,
    0.05995223477565617,
    0.05995223477565617,
    0.05995223477565617,
    0.05995223477565617,
    0.05995223477565617,
    0.05995223477565617,
    0.05995223477565617,
    0.05995223477565617,
    0.05995223477565617,
    0.05995223477565617,
    0.05995223477565617,
    0.05995223477565617,
    0.05995223477565617,
    0.05995223477565617,
    0.05995223477565617
  ],
  "summary": "Machine Learning is a subset of artificial intelligence that involves training algorithms on data to make predictions or decisions without being explicitly programmed to do so. Common techniques include neural networks, decision trees, and support vector machines.",
  "key_phrases": [
    "decision trees, and",
    "networks, decision trees,",
    "training algorithms on",
    "include neural networks,",
    "neural networks, decision",
    "algorithms on data",
    "machine learning is",
    "involves training algorithms"
  ],
  "critical_entities": [
    "machine learning",
    "algorithms",
    "neural networks",
    "decision trees"
  ],
  "original_length": 264,
  "compressed_length": 264,
  "compression_ratio": 1.0,
  "creation_time": 1743974556.8413556,
  "last_accessed": 1743974556.8413556,
  "access_count": 0,
  "version": 1
}