{
  "id": "5564d326-036f-4cc1-a187-a83752498d9b",
  "embedding": [
    0.16012815380508713,
    0.16012815380508713,
    0.16012815380508713,
    0.16012815380508713,
    0.16012815380508713,
    0.16012815380508713,
    0.16012815380508713,
    0.16012815380508713,
    0.16012815380508713,
    0.16012815380508713,
    0.16012815380508713,
    0.16012815380508713,
    0.16012815380508713,
    0.16012815380508713,
    0.16012815380508713,
    0.16012815380508713,
    0.32025630761017426,
    0.16012815380508713,
    0.16012815380508713,
    0.16012815380508713,
    0.16012815380508713,
    0.16012815380508713,
    0.16012815380508713,
    0.16012815380508713,
    0.16012815380508713,
    0.16012815380508713,
    0.16012815380508713,
    0.16012815380508713,
    0.16012815380508713,
    0.16012815380508713,
    0.16012815380508713,
    0.16012815380508713,
    0.16012815380508713,
    0.16012815380508713,
    0.16012815380508713,
    0.16012815380508713
  ],
  "summary": "Machine Learning is a subset of artificial intelligence that involves training algorithms on data to make predictions or decisions without being explicitly programmed to do so. Common techniques include neural networks, decision trees, and support vector machines.",
  "key_phrases": [
    "networks, decision trees,",
    "involves training algorithms",
    "neural networks, decision",
    "algorithms on data",
    "decision trees, and",
    "training algorithms on",
    "machine learning is",
    "include neural networks,"
  ],
  "critical_entities": [
    "machine learning",
    "algorithms",
    "neural networks",
    "decision trees"
  ],
  "original_length": 264,
  "compressed_length": 264,
  "compression_ratio": 1.0,
  "creation_time": 1743972772.1782236,
  "last_accessed": 1743972772.1782238,
  "access_count": 0,
  "version": 1
}