{
  "id": "cef85fdc-cb67-4377-b76d-86558930eb38",
  "embedding": [
    0.10097814103297537,
    0.09753925697302883,
    0.32794448898944634,
    0.18132297770627154,
    0.25228903967062266,
    0.14021268189872896,
    0.19273382026882138,
    0.14537100798864874,
    0.07143500069979837,
    0.14036899481054468,
    0.07252919108250863,
    0.21524287957028956,
    0.1034791476220274,
    0.15662553763938283,
    0.15943917005206637,
    0.14818464040133225,
    0.18648130379619138,
    0.20383203700773977,
    0.07815645590787568,
    0.12723871021802158,
    0.14271368848778096,
    0.07800014299605992,
    0.21102243095126433,
    0.10910641244739444,
    0.12520664236441684,
    0.15615659890393557,
    0.07190393943524562,
    0.07096606196435111,
    0.1416194981050707,
    0.17381995793911548,
    0.1538119052266993,
    0.19429694938697892,
    0.1917959427979269,
    0.204300975743187,
    0.06252516472630054,
    0.06252516472630054,
    0.06252516472630054,
    0.06252516472630054,
    0.06252516472630054,
    0.06252516472630054,
    0.06252516472630054,
    0.06252516472630054,
    0.06252516472630054,
    0.06252516472630054,
    0.06252516472630054,
    0.06252516472630054,
    0.06252516472630054,
    0.06252516472630054,
    0.06252516472630054,
    0.06252516472630054,
    0.06252516472630054,
    0.06252516472630054,
    0.06252516472630054,
    0.06252516472630054,
    0.06252516472630054,
    0.06252516472630054,
    0.06252516472630054,
    0.06252516472630054,
    0.06252516472630054,
    0.06252516472630054,
    0.06252516472630054,
    0.06252516472630054,
    0.06252516472630054,
    0.06252516472630054
  ],
  "summary": "Deep Learning is a subset of machine learning that uses neural networks with multiple layers (deep neural networks) to analyze various factors of data. Deep learning is behind many recent advances in AI, including computer vision and natural language processing.",
  "key_phrases": [
    "including computer vision",
    "deep learning is",
    "computer vision and",
    "data. deep learning",
    "neural networks with",
    "uses neural networks",
    "neural networks) to",
    "natural language processing.",
    "(deep neural networks)"
  ],
  "critical_entities": [
    "deep learning",
    "neural networks",
    "computer vision",
    "natural language processing"
  ],
  "original_length": 262,
  "compressed_length": 262,
  "compression_ratio": 1.0,
  "creation_time": 1743974556.8417013,
  "last_accessed": 1743974556.8417013,
  "access_count": 0,
  "version": 1
}