{
  "id": "d7d03284-45e0-4fda-a21b-c2cfa9b2872c",
  "embedding": [
    0.3104288483506152,
    0.21113256379988257,
    0.22060153938848334,
    0.10799750536187933,
    0.19245053088183237,
    0.073448540376444,
    0.14996809986270446,
    0.09046710461001028,
    0.12821504783483778,
    0.07779915078201732,
    0.13717218690513583,
    0.12360851917011306,
    0.19245053088183237,
    0.07255282646941419,
    0.13282157649956247,
    0.16673074583711936,
    0.11593097139557189,
    0.12284076439265892,
    0.16020483022875937,
    0.09456179675643225,
    0.14344218425434446,
    0.101599548883095,
    0.12629566089120245,
    0.10774158710272794,
    0.13307749475871386,
    0.19129889871565114,
    0.07984649685522832,
    0.1373001460347115,
    0.17837502662850685,
    0.17108135624269272,
    0.11119648360127148,
    0.14152279731070913,
    0.10300709930842755,
    0.07959057859607695,
    0.12962259826017034,
    0.15124769115846132,
    0.10198342627182207,
    0.18464502397771548,
    0.10108771236479226,
    0.16877809191033036,
    0.13998728775580094,
    0.07204098995111144,
    0.1806782909608692,
    0.06525915608360006,
    0.06525915608360006,
    0.06525915608360006,
    0.06525915608360006,
    0.06525915608360006,
    0.06525915608360006,
    0.06525915608360006,
    0.06525915608360006,
    0.06525915608360006,
    0.06525915608360006,
    0.06525915608360006,
    0.06525915608360006,
    0.06525915608360006,
    0.06525915608360006,
    0.06525915608360006,
    0.06525915608360006,
    0.06525915608360006,
    0.06525915608360006,
    0.06525915608360006,
    0.06525915608360006,
    0.06525915608360006
  ],
  "summary": "Neural Networks are a set of algorithms, modeled loosely after the human brain, that are designed to recognize patterns. They interpret sensory data through a kind of machine perception, labeling or clustering raw input. The neural network contains three types of layers: the input layer, hidden layers, and the output layer.",
  "key_phrases": [
    "layer, hidden layers,",
    "to recognize patterns.",
    "of algorithms, modeled",
    "set of algorithms,",
    "of layers: the",
    "layers, and the",
    "layers: the input",
    "neural networks are",
    "types of layers:",
    "recognize patterns. they"
  ],
  "critical_entities": [
    "neural networks",
    "algorithms",
    "patterns",
    "layers"
  ],
  "original_length": 325,
  "compressed_length": 325,
  "compression_ratio": 1.0,
  "creation_time": 1743974556.8415508,
  "last_accessed": 1743974556.8415508,
  "access_count": 0,
  "version": 1
}